{
  "norm_stats": {
    "observation.state.arm.position": {
      "mean": [
        -0.2984275221824646,
        0.036492928862571716,
        -0.21373777091503143,
        -1.4019746780395508,
        0.09355757385492325,
        0.06257588416337967,
        0.09305518120527267,
        -0.1517692506313324,
        -0.01403429452329874,
        0.18083658814430237,
        -1.5212339162826538,
        -0.15812227129936218,
        0.0050218431279063225,
        -0.115174300968647
      ],
      "std": [
        0.3654208779335022,
        0.11667824536561966,
        0.31902068853378296,
        0.3088715672492981,
        0.22509396076202393,
        0.2855190634727478,
        0.17486163973808289,
        0.3308253288269043,
        0.12944187223911285,
        0.3884601593017578,
        0.25251904129981995,
        0.36479684710502625,
        0.13237476348876953,
        0.24537678062915802
      ],
      "q01": [
        -1.2661690711975098,
        -0.1322552114725113,
        -1.5237953662872314,
        -1.6854015588760376,
        -0.1431657373905182,
        -0.6326309442520142,
        -0.16564364731311798,
        -1.2697710990905762,
        -0.6765298247337341,
        -0.00042553190723992884,
        -1.6830452680587769,
        -1.6162399053573608,
        -0.5180841088294983,
        -0.9518150091171265
      ],
      "q99": [
        0.03188608959317207,
        0.5426737666130066,
        0.0,
        -0.3459920287132263,
        1.0674841403961182,
        0.8000864386558533,
        0.7788602709770203,
        0.0006353646167553961,
        0.16382978856563568,
        1.5614982843399048,
        -0.500791609287262,
        0.03788938373327255,
        0.42180389165878296,
        0.00021276595361996442
      ],
      "q02": [
        -1.1684889793395996,
        -0.11255203187465668,
        -1.4070290327072144,
        -1.6643083095550537,
        -0.10810958594083786,
        -0.5359417200088501,
        -0.11808501929044724,
        -1.1944223642349243,
        -0.5647594928741455,
        -0.00021276595361996442,
        -1.6477380990982056,
        -1.4105942249298096,
        -0.4029739499092102,
        -0.8826378583908081
      ],
      "q98": [
        0.010370185598731041,
        0.4363100230693817,
        0.0,
        -0.5274301767349243,
        0.8932356238365173,
        0.7438005208969116,
        0.6999002695083618,
        0.00042553190723992884,
        0.14476396143436432,
        1.5336767435073853,
        -0.6185657978057861,
        0.01623065583407879,
        0.36208873987197876,
        0.00021276595361996442
      ]
    },
    "observation.state.effector.position": {
      "mean": [
        56.91532516479492,
        71.12159729003906
      ],
      "std": [
        35.59342956542969,
        26.58770179748535
      ],
      "q01": [
        3.3797733783721924,
        2.4631826877593994
      ],
      "q99": [
        82.51262664794922,
        82.22238159179688
      ],
      "q02": [
        3.4725730419158936,
        2.4631826877593994
      ],
      "q98": [
        82.4163818359375,
        82.21937561035156
      ]
    },
    "action.arm.position": {
      "mean": [
        -0.29916003346443176,
        0.04378435015678406,
        -0.22212845087051392,
        -1.406395435333252,
        0.09799076616764069,
        0.05403091385960579,
        0.10028417408466339,
        -0.1520308256149292,
        -0.020611334592103958,
        0.18743574619293213,
        -1.528791904449463,
        -0.1596098691225052,
        0.0010707310866564512,
        -0.1261841505765915
      ],
      "std": [
        0.3630356192588806,
        0.1257946491241455,
        0.3253125846385956,
        0.303647518157959,
        0.22687070071697235,
        0.2921662926673889,
        0.19036376476287842,
        0.3269229531288147,
        0.14198988676071167,
        0.39656293392181396,
        0.24206116795539856,
        0.36150115728378296,
        0.1393420547246933,
        0.27012142539024353
      ],
      "q01": [
        -1.2716401815414429,
        -0.13876193761825562,
        -1.5325100421905518,
        -1.687234878540039,
        -0.1447635442018509,
        -0.6502494215965271,
        -0.1666218787431717,
        -1.2503089904785156,
        -0.6946054100990295,
        -0.00017691799439489841,
        -1.701502799987793,
        -1.5937641859054565,
        -0.5470879673957825,
        -1.1185107231140137
      ],
      "q99": [
        0.02985672652721405,
        0.5602526068687439,
        0.0,
        -0.3407427668571472,
        1.0778595209121704,
        0.8039827346801758,
        0.8691981434822083,
        0.0009997726883739233,
        0.16567730903625488,
        1.569587230682373,
        -0.5196885466575623,
        0.036945659667253494,
        0.4241083562374115,
        0.00029127864399924874
      ],
      "q02": [
        -1.1741235256195068,
        -0.11651542037725449,
        -1.4318788051605225,
        -1.6676015853881836,
        -0.11153621226549149,
        -0.5542390942573547,
        -0.11899518221616745,
        -1.1776697635650635,
        -0.6088155508041382,
        -0.00017691799439489841,
        -1.6593940258026123,
        -1.3733009099960327,
        -0.4466499984264374,
        -0.9843134880065918
      ],
      "q98": [
        0.010114259086549282,
        0.47096917033195496,
        0.0,
        -0.5282551050186157,
        0.8840569257736206,
        0.7448362112045288,
        0.7403445839881897,
        0.0006694190669804811,
        0.14810074865818024,
        1.5345112085342407,
        -0.6668855547904968,
        0.015051319263875484,
        0.36599352955818176,
        0.00029127864399924874
      ]
    },
    "action.effector.position": {
      "mean": [
        54.66279983520508,
        69.20127868652344
      ],
      "std": [
        37.1048583984375,
        27.271705627441406
      ],
      "q01": [
        0.0,
        0.0
      ],
      "q99": [
        80.0,
        80.0
      ],
      "q02": [
        0.0,
        0.0
      ],
      "q98": [
        80.0,
        80.0
      ]
    }
  },
  "count": 17718
}